{"547":{"id":547,"mcqQuestions":["123",""],"mcqOptions":[["","","",""],["","","",""]],"openEndedQuestion":"","studentSubmissions":{},"studentScores":{},"graded":false},"971":{"id":971,"mcqQuestions":["543",""],"mcqOptions":[["","","",""],["","","",""]],"openEndedQuestion":"","studentSubmissions":{},"studentScores":{},"graded":false},"766":{"id":766,"mcqQuestions":["dsfads",""],"mcqOptions":[["","","",""],["","","",""]],"openEndedQuestion":"","studentSubmissions":{},"studentScores":{},"graded":false},"503":{"id":503,"mcqQuestions":["question1","q2"],"mcqOptions":[["A","B","C","D"],["a","b","c","d"]],"openEndedQuestion":"what is your father put is your name?","studentSubmissions":{},"studentScores":{},"graded":false}}